<?xml version="1.0" encoding="UTF-8"?>
<actions>
        <action>
            <actionName>build</actionName>
            <packagings>
                <packaging>*</packaging>
            </packagings>
            <goals>
                <goal>install</goal>
            </goals>
            <activatedProfiles>
                <activatedProfile>mysql</activatedProfile>
            </activatedProfiles>
        </action>
        <action>
            <actionName>rebuild</actionName>
            <packagings>
                <packaging>*</packaging>
            </packagings>
            <goals>
                <goal>clean</goal>
                <goal>install</goal>
            </goals>
            <activatedProfiles>
                <activatedProfile>mysql</activatedProfile>
            </activatedProfiles>
        </action>
        <action>
            <actionName>build-with-dependencies</actionName>
            <reactor>also-make</reactor>
            <packagings>
                <packaging>*</packaging>
            </packagings>
            <goals>
                <goal>install</goal>
            </goals>
            <activatedProfiles>
                <activatedProfile>mysql</activatedProfile>
            </activatedProfiles>
        </action>
    </actions>
